"filename", "language", "Python", "YAML", "comment", "blank", "total"
"/root/folkspace/Aura/gateway/aura/__init__.py", "Python", 1, 0, 0, 1, 2
"/root/folkspace/Aura/gateway/aura/aura_client_test.py", "Python", 326, 0, 1, 43, 370
"/root/folkspace/Aura/gateway/aura/auth.py", "Python", 18, 0, 0, 6, 24
"/root/folkspace/Aura/gateway/aura/channels.py", "Python", 100, 0, 4, 32, 136
"/root/folkspace/Aura/gateway/aura/config.py", "Python", 71, 0, 13, 19, 103
"/root/folkspace/Aura/gateway/aura/config.yaml", "YAML", 0, 7, 4, 2, 13
"/root/folkspace/Aura/gateway/aura/conversation.py", "Python", 38, 0, 2, 11, 51
"/root/folkspace/Aura/gateway/aura/core.py", "Python", 20, 0, 0, 7, 27
"/root/folkspace/Aura/gateway/aura/heartbeat.py", "Python", 188, 0, 4, 35, 227
"/root/folkspace/Aura/gateway/aura/llm.py", "Python", 176, 0, 0, 23, 199
"/root/folkspace/Aura/gateway/aura/pipeline.py", "Python", 111, 0, 5, 17, 133
"/root/folkspace/Aura/gateway/aura/server.py", "Python", 189, 0, 11, 43, 243
"/root/folkspace/Aura/gateway/aura/session.py", "Python", 217, 0, 3, 41, 261
"/root/folkspace/Aura/gateway/aura/stages.py", "Python", 286, 0, 4, 44, 334
"/root/folkspace/Aura/gateway/aura/tools/__init__.py", "Python", 4, 0, 0, 3, 7
"/root/folkspace/Aura/gateway/aura/tools/searching/__init__.py", "Python", 2, 0, 0, 1, 3
"/root/folkspace/Aura/gateway/aura/tools/searching/searching.py", "Python", 12, 0, 0, 8, 20
"/root/folkspace/Aura/gateway/aura/tools/searching/searxng.py", "Python", 50, 0, 2, 9, 61
"/root/folkspace/Aura/gateway/aura/tools/speech_to_text/__init__.py", "Python", 2, 0, 0, 0, 2
"/root/folkspace/Aura/gateway/aura/tools/speech_to_text/speech_to_text.py", "Python", 7, 0, 0, 6, 13
"/root/folkspace/Aura/gateway/aura/tools/speech_to_text/whisper.py", "Python", 28, 0, 0, 6, 34
"/root/folkspace/Aura/gateway/aura/tools/text_to_speech/__init__.py", "Python", 3, 0, 0, 0, 3
"/root/folkspace/Aura/gateway/aura/tools/text_to_speech/cosyvoice.py", "Python", 28, 0, 0, 7, 35
"/root/folkspace/Aura/gateway/aura/tools/text_to_speech/edgetts.py", "Python", 21, 0, 0, 6, 27
"/root/folkspace/Aura/gateway/aura/tools/text_to_speech/text_to_speech.py", "Python", 16, 0, 0, 9, 25
"/root/folkspace/Aura/gateway/aura/utils/__init__.py", "Python", 1, 0, 0, 1, 2
"/root/folkspace/Aura/gateway/aura/utils/cache.py", "Python", 31, 0, 0, 9, 40
"/root/folkspace/Aura/gateway/aura/utils/config_tool.py", "Python", 115, 0, 0, 17, 132
"/root/folkspace/Aura/gateway/aura/utils/mitertools.py", "Python", 13, 0, 0, 2, 15
"/root/folkspace/Aura/gateway/aura/utils/mlogging.py", "Python", 27, 0, 0, 8, 35
"/root/folkspace/Aura/gateway/aura/utils/polymorphic.py", "Python", 32, 0, 0, 7, 39
"/root/folkspace/Aura/gateway/aura/utils/runtime_tool.py", "Python", 53, 0, 0, 18, 71
"Total", "-", 2186, 7, 53, 441, 2687